{"cameraMode":{"drawMode":0,"name":"Shaded","section":"Shading Mode"},"sceneLighting":false,"audioPlay":false,"sceneViewState":{"m_AlwaysRefresh":false,"showFog":true,"showSkybox":false,"showFlares":true,"showImageEffects":true,"showParticleSystems":true,"showVisualEffectGraphs":true,"m_FxEnabled":true},"in2DMode":false,"pivot":{"x":0.23618359863758088,"y":1.6216211318969727,"z":-0.10728782415390015},"rotation":{"x":-0.2986740469932556,"y":0.006295774597674608,"z":-0.001970404526218772,"w":-0.954332709312439},"size":0.24401253461837769,"orthographic":false}